{
  "metadata": {
    "simulation_tool": "EnergyPlus",
    "version": "25.1.0",
    "date_run": "2025-11-08"
  },
  "case_600": {
    "annual_heating_load": 4.232,
    "annual_sensible_cooling_load": 6.283,
    "peak_heating_load": 3.16,
    "peak_sensible_cooling_load": 6.531,
    "annual_incident_solar_horizontal": 1665,
    "annual_incident_solar_north": 438,
    "annual_incident_solar_east": 1062,
    "annual_incident_solar_south": 1371,
    "annual_incident_solar_west": 966,
    "annual_transmitted_solar_south": 807,
    "transmissivity_coefficient_south": 0.589,
    "monthly_heating_loads": {
      "january": 697.6678788941614,
      "february": 667.443193871645,
      "march": 462.305086774314,
      "april": 497.32160239817284,
      "may": 132.99754271818446,
      "june": 9.761136360423981,
      "july": 11.765086702405947,
      "august": 6.539691154307915,
      "september": 72.24749986400994,
      "october": 340.6912971510201,
      "november": 611.6692642725508,
      "december": 721.5772196917701
    },
    "monthly_cooling_loads": {
      "january": 543.9561301759609,
      "february": 410.96914940500045,
      "march": 500.81446810115244,
      "april": 264.7010927438387,
      "may": 356.17860829848024,
      "june": 563.6758610627836,
      "july": 559.4294713817033,
      "august": 662.2509851336221,
      "september": 760.4281865825759,
      "october": 702.6473384589765,
      "november": 457.029629697661,
      "december": 500.54158184651294
    }
  },
  "case_600FF": {
    "free_float_mean_temperature": 25.4,
    "free_float_max_temperature": 64.1,
    "free_float_min_temperature": -11.9
  }
}