{
  "metadata": {
    "simulation_tool": "EnergyPlus",
    "version": "25.1.0",
    "date_run": "2025-11-08"
  },
  "case_600": {
    "annual_heating_load": 4.139,
    "annual_sensible_cooling_load": 6.19,
    "peak_heating_load": 3.123,
    "peak_sensible_cooling_load": 6.445,
    "annual_incident_solar_horizontal": 1665,
    "annual_incident_solar_north": 438,
    "annual_incident_solar_east": 1062,
    "annual_incident_solar_south": 1371,
    "annual_incident_solar_west": 966,
    "annual_transmitted_solar_south": 804,
    "transmissivity_coefficient_south": 0.587,
    "monthly_heating_loads": {
      "january": 683.6471849293625,
      "february": 655.8592291771388,
      "march": 451.03030630051535,
      "april": 489.48069125785116,
      "may": 127.4677336645005,
      "june": 8.358715955559607,
      "july": 10.316728189898969,
      "august": 5.5112550968735645,
      "september": 67.27694953016764,
      "october": 330.16035590264175,
      "november": 600.610602299295,
      "december": 708.8412309417714
    },
    "monthly_cooling_loads": {
      "january": 532.4386030100012,
      "february": 401.54990065881043,
      "march": 490.4247120229173,
      "april": 258.1186897549236,
      "may": 349.3701974000279,
      "june": 559.707652484177,
      "july": 555.3844537046343,
      "august": 658.1342162558071,
      "september": 753.4116941190172,
      "october": 693.2510002090504,
      "november": 447.6810325867359,
      "december": 490.3112149034134
    }
  },
  "case_600FF": {
    "free_float_mean_temperature": 25.5,
    "free_float_max_temperature": 63.3,
    "free_float_min_temperature": -11.6
  }
}